-- Trader
-- username: butcher
-- password: Butcher@123
-- same username/password format for all traders
Insert into USERS (USER_ID,USERNAME,EMAIL,PASSWORD,VKEY,VERIFIED,CREATED_AT,ROLE,FIRSTNAME,LASTNAME,ADDRESS,DOB,PROFILE_PICTURE,STATUS,PHONE,PRODUCT_LINE) values (51,'butcher','none','7782bbd343598cde8404b6ba3e849bd3','2032738ea34e78746c7bd39529748f5a',1,to_date('01/MAY/19','DD/MON/RR'),'Trader','Efrain ','Hernandez','3021 Conference Center Way',to_date('14/AUG/90','DD/MON/RR'),'9.jpg','active','9810000009','Butcher');
Insert into USERS (USER_ID,USERNAME,EMAIL,PASSWORD,VKEY,VERIFIED,CREATED_AT,ROLE,FIRSTNAME,LASTNAME,ADDRESS,DOB,PROFILE_PICTURE,STATUS,PHONE,PRODUCT_LINE) values (53,'fishmonger','david@xyz.com','d8738e6eab3129c8c8b30ff90af755b7','e6398d6c4453e4aa34795f0f7d41702c',1,to_date('01/MAY/19','DD/MON/RR'),'Trader','David ','Richmond','Clarksville, VA 23927',to_date('06/MAY/90','DD/MON/RR'),'34.jpg','active','9810000000','Fishmonger');
Insert into USERS (USER_ID,USERNAME,EMAIL,PASSWORD,VKEY,VERIFIED,CREATED_AT,ROLE,FIRSTNAME,LASTNAME,ADDRESS,DOB,PROFILE_PICTURE,STATUS,PHONE,PRODUCT_LINE) values (52,'greengrocer','stella@xyz.com','da2a33f6d5939b6e7687cb1f0a7fcc8d','88c4e3ad78fe43e00de97c6c6a85506c',1,to_date('01/MAY/19','DD/MON/RR'),'Trader','Stella ','Toledo','4058 Spadafore Drive',to_date('02/MAR/90','DD/MON/RR'),'13.jpg','active','9810000000','Greengrocer');
Insert into USERS (USER_ID,USERNAME,EMAIL,PASSWORD,VKEY,VERIFIED,CREATED_AT,ROLE,FIRSTNAME,LASTNAME,ADDRESS,DOB,PROFILE_PICTURE,STATUS,PHONE,PRODUCT_LINE) values (54,'bakery','john@xyz.com','3f4267fe61230cd47f4d956bf8579352','bb25d27fb8129da34022cc40eed68a52',1,to_date('01/MAY/19','DD/MON/RR'),'Trader','John ','White','Clarksville, VA 23927',to_date('08/JUL/90','DD/MON/RR'),'73.jpg','active','9810000000','Bakery');
Insert into USERS (USER_ID,USERNAME,EMAIL,PASSWORD,VKEY,VERIFIED,CREATED_AT,ROLE,FIRSTNAME,LASTNAME,ADDRESS,DOB,PROFILE_PICTURE,STATUS,PHONE,PRODUCT_LINE) values (55,'delicatessan','mary@xyz.com','86655275aa3577e13f746fed45c20ae5','964d8c2ddbf64ba061ac48eb36cebd9e',1,to_date('01/MAY/19','DD/MON/RR'),'Trader','Mary ','Lewis','956 Saint Marys Avenue',to_date('10/SEP/90','DD/MON/RR'),null,'active','9810000000','Delicatessan');

-- SHOP
Insert into SHOP (SHOP_ID,SHOP_NAME,FK_TRADER_ID) values (1,'Butcher',51);
Insert into SHOP (SHOP_ID,SHOP_NAME,FK_TRADER_ID) values (2,'Greengrocer',52);
Insert into SHOP (SHOP_ID,SHOP_NAME,FK_TRADER_ID) values (3,'Fishmonger',53);
Insert into SHOP (SHOP_ID,SHOP_NAME,FK_TRADER_ID) values (4,'Bakery',54);
Insert into SHOP (SHOP_ID,SHOP_NAME,FK_TRADER_ID) values (5,'Delicatessan',55);

-- Caetgory
Insert into CATEGORY (CAT_ID,CAT_TITLE) values (11,'Bread');
Insert into CATEGORY (CAT_ID,CAT_TITLE) values (3,'Cakes');
Insert into CATEGORY (CAT_ID,CAT_TITLE) values (6,'Cheese');
Insert into CATEGORY (CAT_ID,CAT_TITLE) values (7,'Chicken');
Insert into CATEGORY (CAT_ID,CAT_TITLE) values (9,'Chocolates');
Insert into CATEGORY (CAT_ID,CAT_TITLE) values (8,'Cookies');
Insert into CATEGORY (CAT_ID,CAT_TITLE) values (1,'Fish');
Insert into CATEGORY (CAT_ID,CAT_TITLE) values (5,'Fruits');
Insert into CATEGORY (CAT_ID,CAT_TITLE) values (2,'Mutton');
Insert into CATEGORY (CAT_ID,CAT_TITLE) values (10,'Pork');
Insert into CATEGORY (CAT_ID,CAT_TITLE) values (4,'Vegetables');

-- Product

Insert into PRODUCT (PROD_ID,PROD_TITLE,PROD_PRICE,PROD_DESC,PROD_IMG,ALLERGY_INFO,PROD_STATUS,STOCK,FK_SHOP_ID,FK_CAT_ID,KEYWORDS,MIN_ORDER,MAX_ORDER,DISCOUNT) values (2,'Bacon',11,'Salt-cured pork meat from pork belly or back cuts','bacon.jpg','nausea, skin rash','active',28,1,10,'bacon, pig meat',3,9,10);
Insert into PRODUCT (PROD_ID,PROD_TITLE,PROD_PRICE,PROD_DESC,PROD_IMG,ALLERGY_INFO,PROD_STATUS,STOCK,FK_SHOP_ID,FK_CAT_ID,KEYWORDS,MIN_ORDER,MAX_ORDER,DISCOUNT) values (3,'Chicken Leg',50,'Meaty portion from the legs of chicken and bone','chicken leg.jpg','stomach cramps, indigestion','active',6,1,7,'chicken leg, chicken',1,6,0);
Insert into PRODUCT (PROD_ID,PROD_TITLE,PROD_PRICE,PROD_DESC,PROD_IMG,ALLERGY_INFO,PROD_STATUS,STOCK,FK_SHOP_ID,FK_CAT_ID,KEYWORDS,MIN_ORDER,MAX_ORDER,DISCOUNT) values (4,'Chicken Sausage',16,'Cylindrical boneless minced meat encased by a skin','chicken sausage.jpg','vomiting, diarrhea ','active',10,1,7,'chicken sausage, sausage, chicken',1,9,0);
Insert into PRODUCT (PROD_ID,PROD_TITLE,PROD_PRICE,PROD_DESC,PROD_IMG,ALLERGY_INFO,PROD_STATUS,STOCK,FK_SHOP_ID,FK_CAT_ID,KEYWORDS,MIN_ORDER,MAX_ORDER,DISCOUNT) values (5,'Chicken Breast',31,'Thick meat from the chest of the chicken','chickenbreast.jpg','vomiting, diarrhea ','active',10,1,7,'chicken breast, chicken, breast',1,9,0);
Insert into PRODUCT (PROD_ID,PROD_TITLE,PROD_PRICE,PROD_DESC,PROD_IMG,ALLERGY_INFO,PROD_STATUS,STOCK,FK_SHOP_ID,FK_CAT_ID,KEYWORDS,MIN_ORDER,MAX_ORDER,DISCOUNT) values (6,'Goat Meat',32,'Meat from domestic goat','goat meat.jpg','sneezing, runny nose','active',10,1,2,'goat meat, meat, mutton',1,9,0);
Insert into PRODUCT (PROD_ID,PROD_TITLE,PROD_PRICE,PROD_DESC,PROD_IMG,ALLERGY_INFO,PROD_STATUS,STOCK,FK_SHOP_ID,FK_CAT_ID,KEYWORDS,MIN_ORDER,MAX_ORDER,DISCOUNT) values (7,'Minced Meat',15,'Ground meat, boneless ','minced meat.jpg','diarrhea, indigestion','active',10,1,2,'minced meat, meat, goat meat, mutton',1,9,0);
Insert into PRODUCT (PROD_ID,PROD_TITLE,PROD_PRICE,PROD_DESC,PROD_IMG,ALLERGY_INFO,PROD_STATUS,STOCK,FK_SHOP_ID,FK_CAT_ID,KEYWORDS,MIN_ORDER,MAX_ORDER,DISCOUNT) values (8,'Pork',14,'Culinary name for meat from domestic pig','pork.jpg','anaphylaxis, breathing discomfort','active',10,1,10,'pork, pig, pig meat',1,9,0);
Insert into PRODUCT (PROD_ID,PROD_TITLE,PROD_PRICE,PROD_DESC,PROD_IMG,ALLERGY_INFO,PROD_STATUS,STOCK,FK_SHOP_ID,FK_CAT_ID,KEYWORDS,MIN_ORDER,MAX_ORDER,DISCOUNT) values (9,'Apple',18,'Sweet, edible fruit','apple.jpg','itchy throat, swollen mouth','active',10,2,5,'apple, fruits, red apple',1,9,0);
Insert into PRODUCT (PROD_ID,PROD_TITLE,PROD_PRICE,PROD_DESC,PROD_IMG,ALLERGY_INFO,PROD_STATUS,STOCK,FK_SHOP_ID,FK_CAT_ID,KEYWORDS,MIN_ORDER,MAX_ORDER,DISCOUNT) values (10,'Celery',10,'Marshland plant in Apiaceae family','celery.jpeg','rashes, blistered skin','active',5,2,4,'celery, green leafy vegetables',1,19,0);
Insert into PRODUCT (PROD_ID,PROD_TITLE,PROD_PRICE,PROD_DESC,PROD_IMG,ALLERGY_INFO,PROD_STATUS,STOCK,FK_SHOP_ID,FK_CAT_ID,KEYWORDS,MIN_ORDER,MAX_ORDER,DISCOUNT) values (11,'Kiwi',20,'Edible berry if woody vines in the genus Actinidia','kiwi.jpg','itchy feeling, prickly mouth','active',10,2,5,'kiwi, fruits',1,9,0);
Insert into PRODUCT (PROD_ID,PROD_TITLE,PROD_PRICE,PROD_DESC,PROD_IMG,ALLERGY_INFO,PROD_STATUS,STOCK,FK_SHOP_ID,FK_CAT_ID,KEYWORDS,MIN_ORDER,MAX_ORDER,DISCOUNT) values (12,'Peas',10,'Small spherical seed of the pod fruit Pisum sativum','peas.jpg','anaphylaxis, breathing problem','active',10,2,4,'peas',1,9,0);
Insert into PRODUCT (PROD_ID,PROD_TITLE,PROD_PRICE,PROD_DESC,PROD_IMG,ALLERGY_INFO,PROD_STATUS,STOCK,FK_SHOP_ID,FK_CAT_ID,KEYWORDS,MIN_ORDER,MAX_ORDER,DISCOUNT) values (13,'Potato',17,'Starchy, tuberous crop','potato.jpg','respiratory and digestion problem','active',10,2,4,'potato, vegetables',1,9,0);
Insert into PRODUCT (PROD_ID,PROD_TITLE,PROD_PRICE,PROD_DESC,PROD_IMG,ALLERGY_INFO,PROD_STATUS,STOCK,FK_SHOP_ID,FK_CAT_ID,KEYWORDS,MIN_ORDER,MAX_ORDER,DISCOUNT) values (14,'Pumpkin',9,'Cultivar of a squash plant','pumpkin.jpg','wheezing and sneezing','active',10,2,4,'pumpkin, vegetables',1,9,0);
Insert into PRODUCT (PROD_ID,PROD_TITLE,PROD_PRICE,PROD_DESC,PROD_IMG,ALLERGY_INFO,PROD_STATUS,STOCK,FK_SHOP_ID,FK_CAT_ID,KEYWORDS,MIN_ORDER,MAX_ORDER,DISCOUNT) values (15,'Red Onions',30,'Cultivar of a squash plant','red onions.jpg','itching, hives, nausea','active',9,2,4,'vegetable, vegetables, red onion, onion, onions',1,9,0);
Insert into PRODUCT (PROD_ID,PROD_TITLE,PROD_PRICE,PROD_DESC,PROD_IMG,ALLERGY_INFO,PROD_STATUS,STOCK,FK_SHOP_ID,FK_CAT_ID,KEYWORDS,MIN_ORDER,MAX_ORDER,DISCOUNT) values (16,'Strawberry',10,'Hybrid species of the genus Fragaria','strawberry.jpg','tingling mouth, itchy feeling','active',9,2,5,'strawberry, fruit, fruits',1,8,0);
Insert into PRODUCT (PROD_ID,PROD_TITLE,PROD_PRICE,PROD_DESC,PROD_IMG,ALLERGY_INFO,PROD_STATUS,STOCK,FK_SHOP_ID,FK_CAT_ID,KEYWORDS,MIN_ORDER,MAX_ORDER,DISCOUNT) values (17,'Anchovies',40,'Small, common forage fish','anchoies.jpg','hives, skin rash','active',10,3,1,'fish, anchovies, small',1,9,0);
Insert into PRODUCT (PROD_ID,PROD_TITLE,PROD_PRICE,PROD_DESC,PROD_IMG,ALLERGY_INFO,PROD_STATUS,STOCK,FK_SHOP_ID,FK_CAT_ID,KEYWORDS,MIN_ORDER,MAX_ORDER,DISCOUNT) values (19,'Halibut',14,'Flat fish genus Hippoglossus','halibut.jpeg','stuffy nose, sneezing','active',10,3,1,'halibut, fish',1,9,0);
Insert into PRODUCT (PROD_ID,PROD_TITLE,PROD_PRICE,PROD_DESC,PROD_IMG,ALLERGY_INFO,PROD_STATUS,STOCK,FK_SHOP_ID,FK_CAT_ID,KEYWORDS,MIN_ORDER,MAX_ORDER,DISCOUNT) values (20,'Mackerel',60,'Common fish name of species of pelagic family','mackerel.jpg','nausea, stomach cramps','active',10,3,1,'mackerel, fish',1,9,0);
Insert into PRODUCT (PROD_ID,PROD_TITLE,PROD_PRICE,PROD_DESC,PROD_IMG,ALLERGY_INFO,PROD_STATUS,STOCK,FK_SHOP_ID,FK_CAT_ID,KEYWORDS,MIN_ORDER,MAX_ORDER,DISCOUNT) values (21,'Rohu',35,'Common fish of carp family','rohu.jpg','nausea, stomach cramps','active',10,3,1,'rohu, fish',1,9,0);
Insert into PRODUCT (PROD_ID,PROD_TITLE,PROD_PRICE,PROD_DESC,PROD_IMG,ALLERGY_INFO,PROD_STATUS,STOCK,FK_SHOP_ID,FK_CAT_ID,KEYWORDS,MIN_ORDER,MAX_ORDER,DISCOUNT) values (22,'Salmon',82,'Ray-finned fish of Salmonidae family','salmon.jpg','asthma, anaphylaxis','active',10,3,1,'salmon, fish',1,9,0);
Insert into PRODUCT (PROD_ID,PROD_TITLE,PROD_PRICE,PROD_DESC,PROD_IMG,ALLERGY_INFO,PROD_STATUS,STOCK,FK_SHOP_ID,FK_CAT_ID,KEYWORDS,MIN_ORDER,MAX_ORDER,DISCOUNT) values (23,'Sardines',42,'Oily fish of Clupeidae family','sardines.jpg','diarrhea, vomiting','active',10,3,1,'sardines, fish',1,9,0);
Insert into PRODUCT (PROD_ID,PROD_TITLE,PROD_PRICE,PROD_DESC,PROD_IMG,ALLERGY_INFO,PROD_STATUS,STOCK,FK_SHOP_ID,FK_CAT_ID,KEYWORDS,MIN_ORDER,MAX_ORDER,DISCOUNT) values (24,'Bread',21,'Staple food made from dough of flour and water','bread.JPG','sneezing, wheezing, itching','active',10,4,11,'bread, plain bread, white bread',1,9,0);
Insert into PRODUCT (PROD_ID,PROD_TITLE,PROD_PRICE,PROD_DESC,PROD_IMG,ALLERGY_INFO,PROD_STATUS,STOCK,FK_SHOP_ID,FK_CAT_ID,KEYWORDS,MIN_ORDER,MAX_ORDER,DISCOUNT) values (25,'Cookies',16,'Baked flat and sweet biscuit made from flour and sugar','cookier.jpg','anaphylaxis, breathing discomfort','active',10,4,8,'cookie, cookies',1,9,0);
Insert into PRODUCT (PROD_ID,PROD_TITLE,PROD_PRICE,PROD_DESC,PROD_IMG,ALLERGY_INFO,PROD_STATUS,STOCK,FK_SHOP_ID,FK_CAT_ID,KEYWORDS,MIN_ORDER,MAX_ORDER,DISCOUNT) values (26,'Croissant',19,'Buttery, flaky, pastry of Austrian origin','crossiant.jpg','gastrointestinal allergy, bloating','active',1,4,11,'croissant, bread',1,0,0);
Insert into PRODUCT (PROD_ID,PROD_TITLE,PROD_PRICE,PROD_DESC,PROD_IMG,ALLERGY_INFO,PROD_STATUS,STOCK,FK_SHOP_ID,FK_CAT_ID,KEYWORDS,MIN_ORDER,MAX_ORDER,DISCOUNT) values (27,'Cupcake',14,'Small cake designed to serve one person ','cupcake.jpg','stomach discomfort, peanut allergy','active',9,4,3,'cupcake, cakes',1,8,0);
Insert into PRODUCT (PROD_ID,PROD_TITLE,PROD_PRICE,PROD_DESC,PROD_IMG,ALLERGY_INFO,PROD_STATUS,STOCK,FK_SHOP_ID,FK_CAT_ID,KEYWORDS,MIN_ORDER,MAX_ORDER,DISCOUNT) values (28,'Donuts',5,'Ring shaped fried dough confection or dessert food','dinuts.jpg','gluten allergy, constipation','active',10,4,11,'donuts, bread',1,9,0);
Insert into PRODUCT (PROD_ID,PROD_TITLE,PROD_PRICE,PROD_DESC,PROD_IMG,ALLERGY_INFO,PROD_STATUS,STOCK,FK_SHOP_ID,FK_CAT_ID,KEYWORDS,MIN_ORDER,MAX_ORDER,DISCOUNT) values (29,'Funfetti Cake',11,'Rainbow colored sprinkles baked into batter','funfetti cake.jpg','gluten allergy, headache','active',10,4,3,'funfetti cake',1,9,0);
Insert into PRODUCT (PROD_ID,PROD_TITLE,PROD_PRICE,PROD_DESC,PROD_IMG,ALLERGY_INFO,PROD_STATUS,STOCK,FK_SHOP_ID,FK_CAT_ID,KEYWORDS,MIN_ORDER,MAX_ORDER,DISCOUNT) values (30,'Muffins',9,'Partly raised cupcake or flat
Bread to serve one person

','muffins.jpg','bloating, stomach discomfort','active',10,4,3,'muffins, cake',1,9,0);
Insert into PRODUCT (PROD_ID,PROD_TITLE,PROD_PRICE,PROD_DESC,PROD_IMG,ALLERGY_INFO,PROD_STATUS,STOCK,FK_SHOP_ID,FK_CAT_ID,KEYWORDS,MIN_ORDER,MAX_ORDER,DISCOUNT) values (31,'Blue Cheese',4,'Cheese that have mold penicillium added to it','blue cheese.jpg','penicillium allergy, chest tightness','active',10,5,6,'blue cheese',1,9,0);
Insert into PRODUCT (PROD_ID,PROD_TITLE,PROD_PRICE,PROD_DESC,PROD_IMG,ALLERGY_INFO,PROD_STATUS,STOCK,FK_SHOP_ID,FK_CAT_ID,KEYWORDS,MIN_ORDER,MAX_ORDER,DISCOUNT) values (32,'Caviar',71,'Delicacy consisting of salt-cured roe / “egg bearing”','caviar.jpg','anaphylaxis, shortness of breath','active',10,5,9,'caviar, chocolates',1,9,0);
Insert into PRODUCT (PROD_ID,PROD_TITLE,PROD_PRICE,PROD_DESC,PROD_IMG,ALLERGY_INFO,PROD_STATUS,STOCK,FK_SHOP_ID,FK_CAT_ID,KEYWORDS,MIN_ORDER,MAX_ORDER,DISCOUNT) values (33,'Mozzarella',25,'Italian cheese made from buffalo milk by pasta filata','mozarella.jpg','mold allergy, coughing','active',10,5,6,'mozzarella',1,9,0);
Insert into PRODUCT (PROD_ID,PROD_TITLE,PROD_PRICE,PROD_DESC,PROD_IMG,ALLERGY_INFO,PROD_STATUS,STOCK,FK_SHOP_ID,FK_CAT_ID,KEYWORDS,MIN_ORDER,MAX_ORDER,DISCOUNT) values (35,'Saffron',150,'Spice from flower of Crocus sativus ','saffron.jpg','dry mouth, headache','active',10,5,9,'Saffron',1,9,0);
Insert into PRODUCT (PROD_ID,PROD_TITLE,PROD_PRICE,PROD_DESC,PROD_IMG,ALLERGY_INFO,PROD_STATUS,STOCK,FK_SHOP_ID,FK_CAT_ID,KEYWORDS,MIN_ORDER,MAX_ORDER,DISCOUNT) values (18,'COD',44,'Name for the demersal fish genus Gadus','Cod.jpg','vomiting, diarrhea','active',10,3,1,'cod, fish',1,9,0);
Insert into PRODUCT (PROD_ID,PROD_TITLE,PROD_PRICE,PROD_DESC,PROD_IMG,ALLERGY_INFO,PROD_STATUS,STOCK,FK_SHOP_ID,FK_CAT_ID,KEYWORDS,MIN_ORDER,MAX_ORDER,DISCOUNT) values (34,'Oriental Melon',23,'Type of muskmelon cultivated in East Asia','oriental melon.jpg','pollen allergy','active',9,5,9,'melon, oriental',1,8,0);
Insert into PRODUCT (PROD_ID,PROD_TITLE,PROD_PRICE,PROD_DESC,PROD_IMG,ALLERGY_INFO,PROD_STATUS,STOCK,FK_SHOP_ID,FK_CAT_ID,KEYWORDS,MIN_ORDER,MAX_ORDER,DISCOUNT) values (36,'Swiss Chocolate',50,'Traditional chocolate from Switzerland','swiss chocolate.jpg','hives, swollen throat','active',10,5,9,'Swiss chocolate',1,9,0);
Insert into PRODUCT (PROD_ID,PROD_TITLE,PROD_PRICE,PROD_DESC,PROD_IMG,ALLERGY_INFO,PROD_STATUS,STOCK,FK_SHOP_ID,FK_CAT_ID,KEYWORDS,MIN_ORDER,MAX_ORDER,DISCOUNT) values (37,'Truffle',95,'Cake coated in chocolate and cocoa powder','truffle.jpg','upset stomach, swollen lips and tongue','active',10,5,9,'truffle, chocolate',1,9,0);
